Papel;Segmento;Cotacao;FFO_Yield;Dividend_Yield;P_PER_VP;Valor_de_Mercado;Liquidez;Qtd_de_imoveis;Preco_do_m2;Aluguel_por_m2;Cap_Rate_PERC;Vacancia_Media
AAZQ11;Títulos e Val. Mob.;7,28;0,2068;0,1777;0,77;174.991.000;1.277.340;0;0;0;0;0
ABCP11;Shoppings;68,14;0,1008;0,0917;0,67;320.877.000;56.316;1;4.484,56;567,65;0,1266;0,0244
AFHI11;Títulos e Val. Mob.;97,44;0,0974;0,1148;1,01;389.463.000;1.478.610;0;0;0;0;0
AGRX11;Híbrido;9,76;0,1377;0,1536;0,97;174.735.000;292.468;0;0;0;0;0
AIEC11;Lajes Corporativas;53;0,1908;0,1773;0,63;255.724.000;339.308;2;10.672,90;2.098,55;0,1966;0
AJFI11;Títulos e Val. Mob.;8,22;0,0454;0,0594;0,66;259.966.000;838.430;0;0;0;0,0365;0
ALMI11;Lajes Corporativas;617,25;0,05;0,0101;0,28;68.624.000;22.307;1;3.821.090,00;547.722,35;0,1433;0,545
ALZC11;Títulos e Val. Mob.;97;0,1454;0,036;0,96;37.772.700;41.071;0;0;0;0;0
ALZM11;Títulos e Val. Mob.;8,02;0,0722;0,121;0,96;121.748.000;196.437;0;0;0;0;0
ALZR11;Híbrido;108,52;0,0762;0,0833;1,02;1.166.540.000;2.209.660;14;5.302,32;410,01;0,0773;0
ANCR11;Shoppings;65;4,6173;0,0147;0,02;43.444.400;3;5;149,48;1.304,06;8,7237;0,0442
APTO11;Híbrido;9,54;0,1082;0,1095;0,94;44.000.600;24.069;4;17.627,90;1.193,43;0,0677;0
APXM11;Híbrido;99,99;0,0709;0,0575;1,04;175.982.000;115.523;1;1.735,14;119,17;0,0687;0,1049
AROA11;Outros;1,03;0,0551;0,0401;1,04;175.135.000;5.112;6;3.806,21;244,92;0,0643;0
ARRI11;Títulos e Val. Mob.;9,05;0,079;0,1234;1,03;138.776.000;447.885;0;0;0;0;0
ARXD11;Títulos e Val. Mob.;98,31;0,0792;0,118;1;64.382.700;32.946;0;0;0;0;0
ASMT11;Híbrido;39,51;0,0667;0;0,44;42.720.500;8.904;3;3.680,89;751,73;0,2042;0
ASRF11;Híbrido;10.840,80;-0,0019;0;1,11;31.893.600;101.492;2;4.295,15;0;0;0
ATSA11;Shoppings;55,59;-0,0007;0,0128;0,73;97.345.900;181;1;2.858,45;13,19;0,0046;0,1712
AURB11;Logística;85,62;0,0306;0;1,07;76.640.000;76;2;2.247,02;129,15;0,0575;0,5082
BARI11;Títulos e Val. Mob.;80,55;0,1013;0,1031;0,87;373.284.000;701.792;1;0;0;0;0
BBFI11;Lajes Corporativas;677,02;0,648;0,366;0,3;88.012.600;422.452;3;877,4;705,29;0,8038;0,465
BBFO11;Títulos e Val. Mob.;70,99;0,1701;0,1034;0,88;284.237.000;410.987;0;0;0;0;0
BBGO11;Títulos e Val. Mob.;82,88;0,2661;0,1134;0,85;331.948.000;271.815;0;0;0;0;0
BBIG11;Shoppings;9,27;0;0,017;0,95;918.852.000;471.944;0;0;0;0;0
BBRC11;Outros;107;0,1223;0,1177;1,04;170.130.000;146.848;20;10.603,40;1.498,23;0,1413;0
BCFF11;Títulos e Val. Mob.;8,4;0,0964;0,0961;0,88;1.692.520.000;2.646.980;0;0;0;0;0
BCIA11;Títulos e Val. Mob.;104,94;0,0905;0,0927;0,97;390.276.000;926.568;0;0;0;0;0
BCRI11;Títulos e Val. Mob.;66,03;0,0805;0,1274;0,75;413.207.000;606.705;0;0;0;0;0
BICE11;Títulos e Val. Mob.;960;0,083;0,0938;0,96;100.658.000;12.040;0;0;0;0;0
BICR11;Títulos e Val. Mob.;59,99;0,1913;0,2661;1,35;29.995.000;775;0;0;0;0;0
BIME11;Híbrido;7,19;0,1272;0,1341;0,83;42.029.900;74.689;3;302,06;0;0;0
BLCA11;Lajes Corporativas;100,5;-0,0115;0,1581;0,82;160.800.000;197.734;1;37.280,10;3.093,36;0,083;0
BLMG11;Outros;39,52;0,1719;0,1501;0,49;168.703.000;584.360;1;197,09;37,43;0,1899;0
BLMO11;Lajes Corporativas;79,99;0,0612;0,0611;0,77;79.575.200;6.039;1;9.480,80;804,51;0,0849;0
BLUR11;Títulos e Val. Mob.;93,31;0,0354;0,1014;1,08;8.397.900;1.271;0;0;0;0;0
BMLC11;Híbrido;99,2;0,1024;0,0984;1;99.041.800;25.955;1;16.298,70;1.501,95;0,0922;0
BNFS11;Outros;117,71;0,146;0,1316;1,39;82.397.000;129.388;18;7.523,81;1.311,04;0,1743;0,0022
BPFF11;Outros;69,33;0,1554;0,1014;0,9;311.453.000;476.245;0;0;0;0;0
BPML11;Híbrido;93;-0,0143;0,0611;0,8;692.082.000;1.076.740;4;5.515,96;844,54;0,1531;0,0697
BPRP11;Outros;108,52;0,1033;0,095;0,86;146.484.000;2.939;1;6.295,22;684,18;0,1087;0
BRCO11;Logística;111,85;0,069;0,0909;0,94;1.778.990.000;3.495.380;10;4.137,22;375,46;0,0908;0
BRCR11;Híbrido;50,4;0,0168;0,0947;0,56;1.342.570.000;1.710.040;9;8.992,40;1.278,12;0,1421;0,0571
BRIM11;Residencial;1.104,00;0,1274;0,1722;1,15;137.047.000;1.677;0;0;0;0;0
BRIP11;Híbrido;910;-0,0216;0,2082;0,98;196.082.000;1.448;1;0;0;0;0
BRLA11;Outros;159;0,0776;0,0814;1;564.211.000;36.009;8;1.669,48;134,99;0,0809;0
BROF11;Híbrido;50,61;0,1421;0,1247;0,47;587.623.000;553.272;2;6.354,50;1.055,77;0,1661;0,0415
BTAL11;Outros;76,77;0,1023;0,1039;0,71;459.295.000;661.868;9;1.374,18;172,25;0,1253;0
BTCI11;Títulos e Val. Mob.;9,93;0,1128;0,1087;0,97;988.245.000;2.267.330;0;0;0;0;0
BTHI11;Hotel;38;0,1114;0,0874;0,6;350.303.000;30.334;12;676,04;88,01;0,1302;0
BTLG11;Híbrido;101,04;0,0433;0,0865;1,01;4.369.890.000;10.551.600;21;3.292,68;213,45;0,0648;0,0243
BTRA11;Outros;54,99;0,4395;0,0878;0,5;185.017.000;495.248;6;2,06;0,26;0,1241;0,3027
BTSG11;Logística;159,08;0,1021;0,0662;1,1;123.289.000;125;1;6.537,44;726,41;0,1111;0
BTWR11;Lajes Corporativas;125;0,0541;0,0555;1,11;101.159.000;24;1;5.070,09;406,78;0,0802;0,04
BTYU11;Híbrido;10,13;0;0,0085;1;202.600.000;897.801;0;0;0;0;0
BVAR11;Outros;1.390,00;0,0629;0,0471;1,55;869.501.000;627;49;7.885,39;551,35;0,0699;0,275
CACR11;;104,23;0,0735;0,1476;1,04;398.551.000;1.503.760;0;0;0;0;0
CARE11;Híbrido;1,63;-0,0913;0;0,2;58.305.000;16.631;1;0;0;0;0
CBOP11;Lajes Corporativas;28,2;0,0668;0,0521;0,39;39.903.000;7.991;1;2.435,37;342,94;0,1408;0,534
CCME11;Outros;11,84;0,055;0,0862;1,11;802.717.000;38.591;2;7.638,65;401,89;0,0526;0,0615
CEOC11;Lajes Corporativas;43,7;0,1372;0,1205;0,6;79.345.900;28.259;1;4.977,42;812,73;0,1633;0
CFHI11;Outros;650;0,2639;0,2041;1,02;61.490.000;75;10;4.747,82;0;0;0
CJCT11;Lajes Corporativas;64,92;0,0301;0,0252;0,9;203.849.000;20.943;1;10.328,40;630,9;0,0611;0,4967
CLIN11;Títulos e Val. Mob.;96,2;0,0508;0,0809;0,97;418.159.000;1.399.880;0;0;0;0;0
CNES11;Lajes Corporativas;1,54;0,0589;0,0577;0,2;52.567.600;120.944;1;969,25;225,79;0,2329;0,547
CPFF11;Títulos e Val. Mob.;72,5;0,0289;0,105;0,9;185.098.000;228.079;0;0;0;0;0
CPOF11;Híbrido;108;0,0393;0,0405;0,96;233.938.000;596.933;3;5,05;0,19;0,0371;0,31
CPSH11;Shoppings;10,92;0,038;0,1038;0,95;697.528.000;1.373.460;5;919,22;46,77;0,0509;0,0686
CPTR11;Títulos e Val. Mob.;8,24;0,1557;0,1453;0,84;340.972.000;1.344.260;0;0;0;0;0
CPTS11;Títulos e Val. Mob.;8,32;0,0655;0,1095;0,93;2.644.330.000;8.959.370;0;0;0;0;0
CRAA11;Títulos e Val. Mob.;108,61;0,0761;0,135;1,07;53.744.100;320.682;0;0;0;0;0
CRFF11;Títulos e Val. Mob.;78,99;0,0915;0,0976;0,89;54.506.300;35.710;0;0;0;0;0
CTXT11;Lajes Corporativas;8,61;-0,185;0;0,3;32.704.200;2.625;1;694,3;10,31;0,0148;0,9886
CVBI11;Títulos e Val. Mob.;93,74;0,1199;0,1096;0,99;1.032.100.000;2.970.210;0;0;0;0;0
CXAG11;Outros;75,77;0,1174;0,1054;0,66;158.406.000;142.810;32;2.745,83;357,61;0,1302;0
CXCE11;Lajes Corporativas;40,02;0,1298;0,1187;0,62;68.552.300;26.386;1;3.245,49;462,11;0,1424;0
CXCI11;Títulos e Val. Mob.;81,89;0,0871;0,1115;0,87;168.507.000;141.901;0;0;0;0;0
CXCO11;Lajes Corporativas;74,45;0,1239;0,1105;0,73;292.179.000;144.733;10;3.153,74;407,48;0,1292;0
CXRI11;Títulos e Val. Mob.;79,19;0,09;0,091;0,88;124.784.000;11.449;0;0;0;0;0
CXTL11;Logística;225,49;0,105;0,0974;0,57;12.085.600;3.512;1;1.737,44;333,84;0,1921;0
DAMT11;Híbrido;9,11;0,0618;0,0411;0,68;113.973.000;323;1;2.175,91;93,21;0,0428;0,1058
DCRA11;Títulos e Val. Mob.;8,32;0,1703;0,1473;0,87;56.067.700;120.446;0;0;0;0;0
DEVA11;Títulos e Val. Mob.;40,66;0,1614;0,1479;0,41;571.066.000;1.358.120;0;0;0;0;0
DOVL11;Lajes Corporativas;666,3;0,1347;0,1153;0,82;44.246.300;606;2;2.475,03;636,27;0,2571;0
DPRO11;Híbrido;6,7;0,0936;0,1;0,73;33.521.600;866;1;2.038,02;240,86;0,1182;0
DRIT11;Lajes Corporativas;86,46;0,0605;0,1242;0,66;40.054.900;562;4;6.534,23;678,49;0,1038;0,0944
DVFF11;Híbrido;7,53;0,0274;0,1109;0,83;82.901.500;42.437;0;0;0;0;0
EDFO11;Lajes Corporativas;190;0,1107;0,1071;0,85;44.840.000;6.456;1;126.188,00;15.278,50;0,1211;0
EDGA11;Lajes Corporativas;19,25;0,0593;0,0481;0,31;73.382.100;25.408;1;2.916,07;291,83;0,1001;0,2813
EGAF11;Títulos e Val. Mob.;90,6;0,1081;0,1632;0,92;283.751.000;585.703;0;0;0;0;0
EQIR11;Títulos e Val. Mob.;9,06;0,0707;0,1237;0,92;98.838.400;271.275;0;0;0;0;0
ERPA11;Lajes Corporativas;134,5;0,0647;0,0643;0,95;67.374.000;8.547;1;19.915,90;1.470,38;0,0738;0
EURO11;Logística;245;0,094;0,0876;0,73;94.064.300;43.514;7;796,1;82,42;0,1035;0
EVBI11;Híbrido;9,96;0,7503;0,0876;0,1;24.038.600;27.312;6;667,05;652,01;0,9775;0,0128
EXES11;Títulos e Val. Mob.;9,95;0,1056;0,0912;1,08;58.413.700;3.677;0;0;0;0;0
FAED11;Outros;153,03;0,1123;0,1104;0,7;105.954.000;50.801;4;2.295,16;275,89;0,1202;0
FAMB11;Lajes Corporativas;569,01;-0,1531;0;0,26;69.725.300;25.158;1;1.152,04;49,06;0,0426;0,8931
FATN11;Híbrido;91,93;0,0598;0,1127;0,89;283.136.000;903.230;44;24.648,40;1.848,87;0,075;0
FCFL11;Outros;115;0,0868;0,0833;0,94;399.511.000;234.100;1;12.776,20;1.190,28;0,0932;0
FGAA11;Híbrido;8,54;0,1402;0,1475;0,89;384.996.000;1.367.540;0;0;0;0;0
FIGS11;Shoppings;55,03;0,0983;0,0914;0,68;156.836.000;116.413;2;2.422,91;248,56;0,1026;0,0649
FIIB11;Híbrido;510;0,084;0,0806;1,08;349.350.000;260.308;11;629,45;58,55;0,093;0,0042
FIIP11B;Híbrido;171,3;0,1036;0,0958;0,84;158.823.000;79.593;7;2.254,17;258,68;0,1148;0
FISC11;Lajes Corporativas;67,34;0,0621;0,0699;0,56;114.478.000;1.481;4;9.071,03;770,17;0,0849;0
FLCR11;Títulos e Val. Mob.;98,02;0,1436;0,1356;1,03;62.105.900;133.058;0;0;0;0;0
FLMA11;Híbrido;140,5;0,0809;0,0845;0,65;193.984.000;75.277;2;16.759,60;1.786,28;0,1066;0
FLRP11;Shoppings;2.095,99;0,0818;0,0752;0,91;136.726.000;39.415;1;2.817,66;248,55;0,0882;0,0306
FMOF11;Lajes Corporativas;53,64;0,0161;0,0177;0,46;27.249.600;2.902;2;1.608,51;162,94;0,1013;0,3048
FPAB11;Lajes Corporativas;230;0,0602;0,062;0,67;172.500.000;29.899;2;4.734,34;346,68;0,0732;0,4115
FPNG11;Lajes Corporativas;90;0,0523;0,0492;0,52;209.636.000;20;8;15.711,10;1.087,60;0,0692;0,0855
FTCE11;Híbrido;2.856,05;-0,0048;0,0994;1;3.119.440.000;470.823;79;1.613,00;44,22;0,0274;0,0379
FVPQ11;Shoppings;74,66;0,1563;0,1331;0,39;209.059.000;243.971;1;3.636,83;927,08;0,2549;0,095
FZDA11;Outros;112;0,0152;0,0093;0,5;173.600.000;80.003;6;2,06;0,05;0,023;0
FZDB11;Outros;114;-0,0064;0,0331;1,14;410.400.000;602;16;2,94;0;0;0
GAME11;Outros;9,12;0,0706;0,1179;0,94;197.883.000;164.649;0;0;0;0;0
GARE11;Híbrido;9,03;0,0519;0,0467;0,95;1.136.570.000;4.954.200;3;306,81;39,16;0,1276;0
GCOI11;Híbrido;98,99;-0,0158;0,0081;1,03;11.185.900;1.845;5;5.749,79;0;0;0
GCRA11;Títulos e Val. Mob.;59,45;0,2473;0,1788;0,67;104.089.000;270.576;0;0;0;0;0
GCRI11;Títulos e Val. Mob.;72,98;0,1146;0,1448;0,78;106.103.000;211.177;0;0;0;0;0
GGRC11;Logística;11,07;0,0866;0,1029;0,99;1.060.540.000;1.378.100;19;1.062,62;107,81;0,1015;0
GLOG11;Logística;63,2;0,1776;0,1033;0,58;47.400.000;47.321;1;654,69;143,55;0,2193;0
GRWA11;Títulos e Val. Mob.;10,19;0,0761;0,1388;1;28.109.000;18.961;0;0;0;0;0
GSFI11;Shoppings;7,84;0;0;0,57;676.665.000;933.691;0;0;0;0;0
GTWR11;Lajes Corporativas;81,7;0,119;0,1092;0,81;980.400.000;1.493.010;3;10.836,90;1.387,44;0,128;0
GZIT11;Híbrido;55,67;-0,1067;0,0675;0,58;1.215.900.000;850.847;6;8.494,27;904,76;0,1065;0,1804
HAAA11;Lajes Corporativas;34,01;0,1209;0,086;0,43;117.505.000;8.934;2;8.711,98;1.282,78;0,1472;0,2137
HABT11;Títulos e Val. Mob.;87;0,1424;0,1456;0,89;707.030.000;2.155.470;0;0;0;0;0
HBCR11;Outros;146;0,0507;0,0531;1,26;233.600.000;2.493.100;5;5.147,49;224,27;0,0436;0
HCHG11;Outros;69,05;0,1072;0,114;0,71;82.860.000;23.665;0;0;0;0;0
HCRI11;Hospital;273,98;0,1201;0,112;0,85;54.796.000;29.435;1;9.844,27;1.257,25;0,1277;0
HCTR11;Títulos e Val. Mob.;29,41;0,143;0,1342;0,26;649.496.000;1.018.260;0;0;0;0;0
HDEL11;Logística;109,99;0,1088;0,1275;1,18;92.391.600;422;0;0;0;0;0
HFOF11;Títulos e Val. Mob.;70,41;0,104;0,1018;0,9;1.622.560.000;1.540.800;0;0;0;0;0
HGAG11;Outros;18,75;0,0695;0,114;0,79;4.654.720;4.408;0;0;0;0;0
HGBL11;Logística;10,36;0,0004;0,0611;1,02;24.864.000;143.067;0;0;0;0;0
HGBS11;Shoppings;217;0,0686;0,0964;0,95;2.762.370.000;4.270.740;14;5.159,22;340,67;0,066;0,0571
HGCR11;Títulos e Val. Mob.;103,73;0,1142;0,1088;1,03;1.599.320.000;3.430.480;0;0;0;0;0
HGFF11;Títulos e Val. Mob.;81,93;0,0903;0,0968;0,89;234.614.000;641.459;0;0;0;0;0
HGIC11;Títulos e Val. Mob.;109,63;0,1058;0,1072;0,94;50.726.500;27.037;2;0;0;0;0
HGLG11;Logística;160,45;0,0625;0,0788;1,01;5.421.220.000;8.095.460;25;3.221,95;209,17;0,0649;0,0839
HGPO11;Lajes Corporativas;309;0,0588;0,0582;0,9;541.695.000;738.133;2;42.482,80;2.727,97;0,0642;0,0342
HGRE11;Lajes Corporativas;114,34;0,0636;0,0877;0,75;1.351.240.000;1.818.570;16;7.151,82;677,26;0,0947;0,2634
HGRU11;Híbrido;128,79;0,0756;0,0891;1,02;2.370.570.000;3.556.170;68;4.592,73;421,38;0,0918;0,0097
HILG11;Outros;203,55;0,072;0;1,09;107.119.000;606;1;3.247,69;282,86;0,0871;0
HLOG11;Logística;81,75;0,0872;0,0787;0,7;347.438.000;178.448;5;1.600,83;192,74;0,1204;0,1337
HOFC11;Lajes Corporativas;30,5;0,0689;0,042;0,44;115.260.000;133.497;4;2.712,50;508,53;0,1875;0,4673
HOSI11;Híbrido;98,31;0,0877;0,0795;1,07;56.375.900;61.011;2;0;0;0;0
HPDP11;Shoppings;88,97;0,0655;0,0687;0,93;292.533.000;1.523;1;2.131,34;157,52;0,0739;0,0185
HRDF11;Híbrido;3,54;0,0296;0;0,45;5.371.680;903;0;0;0;0;0
HREC11;Títulos e Val. Mob.;8,45;0,1211;0,1101;0,94;435.747.000;1.035.500;0;0;0;0;0
HSAF11;Títulos e Val. Mob.;84,09;0,1233;0,1148;0,93;212.442.000;689.530;0;0;0;0;0
HSLG11;Logística;85;0,0925;0,099;0,82;1.076.110.000;668.581;5;2.542,60;269,09;0,1058;0
HSML11;Shoppings;93,01;0,0679;0,094;0,97;1.899.090.000;4.159.640;7;9.377,25;898,7;0,0958;0,0502
HSRE11;Híbrido;108,99;0,0653;0,067;1,15;969.872.000;1.008.220;27;7.993,47;628,24;0,0786;0,0121
HTMX11;Hotel;182,34;0,0484;0,141;1,34;274.300.000;854.362;22;336.824,00;28.212,56;0,0838;0
HUCG11;Hospital;84;0,0289;0,0158;0,81;94.248.000;3.623;2;3.115,26;0;0;0
HUSC11;Outros;109,8;0,0978;0,1006;0,71;93.420.100;4.512;1;1.256,67;148,96;0,1185;0
HUSI11;Hospital;1.073,76;0,0932;0,0871;0,9;124.945.000;1.228;1;6.119,14;606,68;0,0991;0
IAAG11;Títulos e Val. Mob.;10,9;0,0911;0,0955;1,13;59.391.500;132.143;0;0;0;0;0
IAGR11;Títulos e Val. Mob.;3,02;0,3813;0,2559;0,34;8.417.150;32.680;0;0;0;0;0
IBCR11;Títulos e Val. Mob.;72,35;0,1135;0,1458;0,8;69.341.900;189.173;0;0;0;0;0
ICRI11;Títulos e Val. Mob.;95,95;0,0263;0,0432;0,96;370.114.000;561.374;0;0;0;0;0
IDFI11;Híbrido;9,45;0,2125;1,2569;0,46;19.447.400;168.479;3;4.829,87;0;0;0
IDGR11;Híbrido;8,7;0,1602;1,1316;1,24;7.685.220;1.576;2;13.501,50;0;0;0
IRDM11;Títulos e Val. Mob.;73,07;0,1321;0,1191;0,84;2.662.220.000;4.329.420;0;0;0;0;0
IRIM11;Híbrido;74,51;0,1412;0,129;0,83;143.059.000;78.286;0;0;0;0;0
ISCJ11;Títulos e Val. Mob.;60,01;0,0423;0;0,43;18.841.300;3.537;0;0;0;0;0
ITIP11;Títulos e Val. Mob.;80,24;0,1675;0,0994;1,06;60.031.600;140.446;0;0;0;0;0
ITIT11;Títulos e Val. Mob.;74,5;0,1457;0,0945;0,88;67.086.800;155.575;0;0;0;0;0
ITRI11;Híbrido;93,9;0,0029;0,0215;0,95;586.875.000;1.629.800;0;0;0;0;0
JASC11;Híbrido;115,77;0,0415;0,0558;1,08;403.961.000;26;16;5.707,09;317,63;0,0557;0,0276
JCCJ11;Títulos e Val. Mob.;135;0,0162;0,0219;0,73;225.248.000;1.425.770;0;0;0;0;0
JFLL11;Residencial;74,12;0,1449;0,0952;0,71;111.224.000;70.634;2;7.522,67;1.292,78;0,1719;0,09
JGPX11;Híbrido;80,73;0,1052;0,1502;0,85;172.863.000;467.611;0;0;0;0;0
JPPA11;Híbrido;84,39;0,1619;0,1388;0,87;76.292.800;151.284;0;0;0;0;0
JPPC11;Híbrido;151,02;-0,0507;0;0,38;8.306.100;3;0;0;0;0;0
JSAF11;Títulos e Val. Mob.;94;0,0512;0,1173;0,96;322.514.000;2.203.760;0;0;0;0;0
JSRE11;Híbrido;63,65;0,0784;0,0843;0,58;1.321.840.000;2.431.830;6;11.244,00;1.039,91;0,0925;0,0841
KCRE11;Títulos e Val. Mob.;9,61;1,1729;0,1053;0,1;34.596.000;432.799;0;0;0;0;0
KEVE11;Residencial;1.100,01;0,0022;0,07;1,34;162.473.000;24.251;1;0;0;0;0
KFOF11;Títulos e Val. Mob.;91,6;0,0646;0,1001;0,96;642.534.000;1.925.600;0;0;0;0;0
KISU11;Títulos e Val. Mob.;8,27;0,1715;0,1022;0,94;365.501.000;724.920;0;0;0;0;0
KIVO11;Títulos e Val. Mob.;84,25;0,0955;0,1458;0,93;187.266.000;536.034;0;0;0;0;0
KNCA11;Títulos e Val. Mob.;101,51;0,1018;0,1203;0,99;2.192.610.000;3.550.870;0;0;0;0;0
KNCR11;Títulos e Val. Mob.;104,4;0,1371;0,1125;1,03;5.960.940.000;11.007.300;0;0;0;0;0
KNHF11;Híbrido;97,09;0,0516;0,0999;0,97;1.909.100.000;4.132.450;1;27.144,00;3,24;0,0001;0
KNHY11;Títulos e Val. Mob.;104,95;0,0747;0,1123;1,04;2.956.390.000;4.816.390;0;0;0;0;0
KNIP11;Títulos e Val. Mob.;94,39;0,1254;0,0938;0,99;7.558.580.000;9.028.350;0;0;0;0;0
KNRE11;Residencial;0,43;-0,2417;0;0,55;7.975.280;3.901;0;0;0;0;0
KNRI11;Híbrido;156,2;0,0576;0,0731;0,98;4.406.180.000;4.628.390;19;5.010,12;371,22;0,0741;0,0018
KNSC11;Títulos e Val. Mob.;9,1;0,0941;0,0992;1,02;1.208.100.000;4.143.520;0;0;0;0;0
KNUQ11;Títulos e Val. Mob.;104,8;0,0571;0,0868;1,04;931.557.000;2.082.530;0;0;0;0;0
KOPA11;Títulos e Val. Mob.;1.010,00;0,0384;0,0623;1,01;358.224.000;193.507;0;0;0;0;0
KORE11;Títulos e Val. Mob.;103,9;0,0436;0,0755;1,03;1.000.040.000;1.581.400;4;15.863,10;427,61;0,027;0,0165
LASC11;Shoppings;111;0,0344;0,0642;0,88;326.373.000;382.433;2;15.543,80;1.368,65;0,0881;0,0203
LFTT11;Residencial;22,5;-0,1827;0;0,69;73.462.500;9.296;128;5.966,79;0,8;0,0001;0
LGCP11;Logística;86,81;0,1205;0,0917;0,83;306.416.000;317.295;7;2.996,14;326,59;0,109;0
LIFE11;Outros;10,13;0,1316;0,1382;1;235.708.000;432.150;0;0;0;0;0
LSAG11;Títulos e Val. Mob.;80,07;0,2699;0,1743;0,82;80.817.400;125.536;0;0;0;0;0
LSPA11;Outros;70,79;0,3626;0,4172;0,9;28.634.600;12.434;0;0;0;0;0
LUGG11;Residencial;75;0,1362;0,084;0,61;84.803.000;85.845;5;3.234,25;586,42;0,1813;0,0438
LVBI11;Logística;108,42;0,0706;0,0929;0,93;1.747.570.000;4.439.060;9;2.437,26;250,9;0,1029;0,0393
MALL11;Shoppings;109,91;0,1651;0,0891;0,92;1.425.860.000;3.137.660;10;4.206,80;473,96;0,1127;0,0364
MANA11;Títulos e Val. Mob.;9,47;0,0703;0,1233;0,99;202.557.000;671.630;0;0;0;0;0
MAXR11;Híbrido;81;0,118;0,1044;0,62;91.178.100;156.212;8;1.419,05;172,56;0,1216;0,2323
MCCI11;Títulos e Val. Mob.;90,15;0,1056;0,1081;0,95;1.528.950.000;3.859.470;0;0;0;0;0
MCHY11;Títulos e Val. Mob.;9,55;0,0408;0,143;0,98;1.065.770.000;4.477.530;0;0;0;0;0
MFAI11;Híbrido;61,5;0,0998;0,0913;0,85;23.934.900;16.565;0;0;0;0;0
MFCR11;Híbrido;26,65;0,3365;0,1288;0,97;2.697.780;1.349;0;0;0;0;0
MFII11;Híbrido;100,98;0,0818;0,126;0,93;526.348.000;576.397;6;228,32;0;0;0
MGHT11;Híbrido;34,69;0,2058;0,172;0,4;45.575.200;137.284;1;4.404,23;956,52;0,2172;0
MINT11;Outros;95,47;0,1076;0,047;0,68;49.644.400;129.864;4;3.527,88;432,24;0,1225;0
MXRF11;Híbrido;10,16;0,0895;0,1166;1,04;3.400.100.000;10.693.200;0;0;0;0;0
NAVT11;Títulos e Val. Mob.;91,3;0,1174;0,143;1;55.901.300;165.665;0;0;0;0;0
NCHB11;Títulos e Val. Mob.;9,33;0,1332;0,1307;0,94;142.575.000;244.797;0;0;0;0;0
NCRA11;Títulos e Val. Mob.;8,5;0,1975;0,1535;0,81;37.909.600;119.742;0;0;0;0;0
NCRI11;Títulos e Val. Mob.;8,5;0,1265;0,1262;0,83;33.575.000;2.070;0;0;0;0;0
NEWL11;Híbrido;120,25;0,2178;0,0933;0,72;244.480.000;561.071;3;2.695,78;484,45;0,1797;0
NEWU11;Híbrido;73;0,0192;0,0293;1,02;54.166.000;12.260;3;3.863,54;432,43;0,1119;0,4702
NEXG11;Outros;109,2;0,0064;0,0424;1,14;20.375.100;65.597;0;0;0;0;0
NSLU11;Hospital;181,19;0,108;0,098;0,88;234.330.000;96.041;1;9.560,47;1.094,69;0,1145;0
NVHO11;Hospital;10,84;0,1457;0,0883;0,71;449.801.000;2.182;4;14.583,20;2.192,84;0,1504;0
OCRE11;Títulos e Val. Mob.;101;0,0744;0,1208;1,01;39.267.900;14.261;0;0;0;0;0
OIAG11;Híbrido;7,97;0,1603;0,1656;0,82;71.993.000;217.192;0;0;0;0;0
OUFF11;Títulos e Val. Mob.;60,6;0,1406;0,1254;0,84;109.949.000;285.125;0;0;0;0;0
OUJP11;Híbrido;82,22;0,1463;0,1317;0,83;267.411.000;799.653;0;0;0;0;0
OULG11;Logística;28,94;0,1684;0,0894;0,45;71.808.400;62.429;2;962,68;210,44;0,2186;0
OURE11;Híbrido;77,51;0,1324;0,1242;0,84;83.485.000;242.508;8;3.019,42;162,15;0,0537;0
PATC11;Lajes Corporativas;35,2;0,0696;0,1385;0,86;122.406.000;235.724;4;15.724,80;1.361,51;0,0866;0
PATL11;Logística;60,31;0,1224;0,1116;0,61;301.039.000;575.655;4;1.939,47;291,15;0,1501;0
PEMA11;Títulos e Val. Mob.;33;0,2732;0,168;0,47;18.216.000;313;0;0;0;0;0
PLCA11;Títulos e Val. Mob.;76,8;0,2211;0,1457;0,81;42.779.100;119.797;0;0;0;0;0
PLCR11;Títulos e Val. Mob.;84,97;0,208;0,112;0,93;179.216.000;272.532;0;0;0;0;0
PLRI11;Títulos e Val. Mob.;11,51;-0,0639;0,1121;0,43;10.984.000;1.463;0;0;0;0;0
PMIS11;Títulos e Val. Mob.;9,22;0,037;0,0526;0,97;115.250.000;329.778;0;0;0;0;0
PNPR11;Híbrido;75,99;0,1251;0,0281;1;67.580.300;45.616;2;1.782,87;293,89;0,1648;0
PNRC11;Híbrido;106,36;0,0452;0,1438;1,06;43.618.200;207;3;11.048,00;0;0;0
PORD11;Títulos e Val. Mob.;8,93;0,1231;0,1219;0,93;332.944.000;531.539;0;0;0;0;0
PQAG11;Logística;59,46;0,0921;0,0867;1,04;831.958.000;6.622;1;13.183,70;1.163,59;0,0883;0
PQDP11;Shoppings;1.935,00;0,0969;0,0479;0,56;487.239.000;149.408;1;1.838,64;239,02;0,13;0,0185
PRSN11;Residencial;1,15;-0,2881;0;0,31;3.715.930;434;2;9.282,22;0;0;0
PRSV11;Lajes Corporativas;68,45;-0,2602;0;0,39;13.347.800;2.913;1;1.332,74;0;0;1
PVBI11;Lajes Corporativas;92,77;0,0484;0,0839;0,91;2.401.140.000;6.628.440;6;16.525,30;1.022,47;0,0619;0,1032
QAGR11;Outros;46,42;0,1136;0,1159;0,79;233.957.000;244.982;12;1.614,02;210,72;0,1306;0
RBCO11;Lajes Corporativas;44;0,1233;0,0839;0,49;166.276.000;144.616;4;3.812,31;614,84;0,1613;0
RBDS11;Residencial;2,5;-0,5918;0;0,12;316.308;702;0;0;0;0;0
RBED11;Outros;136,58;0,1124;0,1143;0,94;321.649.000;184.292;7;3.367,54;390,35;0,1159;0
RBFF11;Títulos e Val. Mob.;59,89;0,0756;0,0961;0,89;224.540.000;427.995;0;0;0;0;0
RBHG11;Títulos e Val. Mob.;86,2;0,0818;0,1177;0,97;186.878.000;348.705;0;0;0;0;0
RBHY11;Títulos e Val. Mob.;89,98;0,1196;0,1322;0,97;170.378.000;134.419;0;0;0;0;0
RBIR11;Residencial;85,32;0,0288;0,0358;0,88;130.421.000;158.308;0;0;0;0;0
RBLG11;Logística;100;0,1123;0,1162;0,96;64.019.900;361;1;347,55;35,68;0,1027;0
RBOP11;Outros;370;0,1585;0,1305;0,48;37.615.700;26.824;2;1.969,18;339,92;0,1726;0,8278
RBRD11;Híbrido;37,61;0,0993;0,1055;0,56;69.645.700;33.380;4;2.527,05;358,58;0,1419;0,2796
RBRF11;Títulos e Val. Mob.;7,52;0,0923;0,0859;0,85;1.028.790.000;3.018.570;0;0;0;0;0
RBRI11;Híbrido;1.000,00;-0,0143;0;0,85;139.664.000;225;0;0;0;0;0
RBRL11;Logística;76,99;0,0997;0,1007;0,76;514.835.000;557.297;5;2.293,06;274,43;0,1197;0
RBRP11;Outros;58,14;0,0515;0,0699;0,73;708.098.000;1.398.100;11;7.948,75;507,95;0,0639;0
RBRR11;Títulos e Val. Mob.;91,61;0,0774;0,0928;0,97;1.379.390.000;3.292.270;0;0;0;0;0
RBRS11;Híbrido;44,05;0,0796;0,0537;0,48;76.395.900;24.425;3;7.221,98;707,6;0,098;0,8076
RBRX11;Títulos e Val. Mob.;9,11;0,0554;0,127;0,94;268.459.000;1.371.990;0;0;0;0;0
RBRY11;Títulos e Val. Mob.;97,1;0,0726;0,123;0,99;1.239.920.000;5.309.170;0;0;0;0;0
RBTS11;Outros;804,99;-0,0189;0,1673;1,06;45.502.100;3.264;0;0;0;0;0
RBVA11;Outros;104,8;0,0887;0,1167;0,97;1.308.460.000;1.487.730;50;16.796,00;1.975,52;0,1176;0,0043
RBVO11;;19,69;0,0156;0,2868;1,96;10.156.600;280.641;0;0;0;0;0
RCFF11;Títulos e Val. Mob.;99;0,0149;0,0135;0,96;31.996.800;113;0;0;0;0;0
RCRB11;Lajes Corporativas;139;0,0312;0,0711;0,68;513.007.000;821.600;9;12.556,20;1.097,80;0,0874;0,0361
RECR11;Títulos e Val. Mob.;85,45;0,1208;0,1096;0,91;2.259.440.000;3.167.620;1;42.130,90;0;0;1,0002
RECT11;Híbrido;35,15;0,1377;0,1259;0,38;300.304.000;383.888;9;3.924,61;782,05;0,1993;0,0992
RECX11;Títulos e Val. Mob.;66,23;0,1166;0,0991;0,88;14.458.900;11.402;0;0;0;0;0
REIT11;Títulos e Val. Mob.;155,01;0,0533;0,1031;0,54;4.075.370;4;0;0;0;0;0
RELG11;Híbrido;55,77;0,1468;0,0062;0,44;74.428.500;433.301;5;1.046,19;179,81;0,1719;0,1003
RFOF11;Títulos e Val. Mob.;72,68;0,0953;0,1144;0,92;78.361.000;145.181;0;0;0;0;0
RINV11;Títulos e Val. Mob.;111,51;0,0344;0,1189;1,03;147.263.000;542.150;0;0;0;0;0
RMAI11;Híbrido;71,85;0,0036;0,058;0,71;175.587.000;11.443;2;4.227,07;190,28;0,045;0,1911
RNDP11;Títulos e Val. Mob.;65,22;0,1404;0,8411;0,83;7.009.910;10.784;0;0;0;0;0
RNGO11;Lajes Corporativas;46;0,1034;0,0941;0,56;123.096.000;79.313;4;2.138,62;292,1;0,1366;0,1463
RPRI11;Títulos e Val. Mob.;94;0,0852;0,1177;0,94;326.342.000;374.505;0;0;0;0;0
RRCI11;Títulos e Val. Mob.;76,4;0,1247;0,1431;0,84;36.806.200;36.144;0;0;0;0;0
RSPD11;Residencial;1.096,89;-0,0198;0,08;1,06;163.449.000;124;0;0;0;0;0
RURA11;Títulos e Val. Mob.;9,4;0,122;0,1319;0,94;1.504.940.000;3.594.510;0;0;0;0;0
RVBI11;Títulos e Val. Mob.;73,29;0,023;0,1145;0,87;753.129.000;2.319.340;0;0;0;0;0
RZAG11;Títulos e Val. Mob.;8,33;0,2366;0,1529;0,87;566.777.000;1.799.630;0;0;0;0;0
RZAK11;Títulos e Val. Mob.;83,61;0,1528;0,1519;0,93;736.427.000;3.113.080;0;0;0;0;0
RZAT11;Híbrido;98;0,1197;0,114;0,97;363.400.000;1.159.310;12;1.378,78;124,53;0,0903;0,0374
RZTR11;Híbrido;92,04;0,1074;0,122;0,92;1.735.110.000;4.791.670;17;2,12;0,31;0,1469;0,244
SADI11;Títulos e Val. Mob.;89,75;0,1494;0,1207;0,94;138.994.000;254.160;0;0;0;0;0
SAIC11B;Lajes Corporativas;34;-0,0363;0;0,62;48.611.200;3;1;4.358,35;19,64;0,0045;1
SAPI11;Títulos e Val. Mob.;91,99;0,0496;0,0711;0,92;142.003.000;333.413;0;0;0;0;0
SARE11;Híbrido;42,88;0,133;0,1078;0,49;395.968.000;1.068.500;3;1.946,47;269,91;0,1387;0
SCPF11;Shoppings;2,85;0,0801;0,0621;0,24;11.970.000;5.653;1;2.512,62;689,82;0,2745;0,3491
SEED11;Híbrido;97,61;0,1103;0,1035;1,05;160.080.000;7.764;0;0;0;0;0
SEQR11;Outros;51,51;0,1526;0,1456;0,56;85.800.000;84.982;4;2.035,59;354,61;0,1742;0
SHOP11;Híbrido;67,99;-0,0657;0;1,55;100.711.000;158;1;3.963,71;235,36;0,0594;0,17
SHPH11;Shoppings;865;0,0633;0,0708;0,94;526.742.000;94.583;1;14.995,80;1.198,65;0,0799;0,0435
SJAU11;Logística;68;0,0021;0,1433;0,91;539.393.000;1.746;0;0;0;0;0
SMRE11;Outros;100;0;0,0214;1,01;44.787.000;943.475;0;0;0;0;0
SNAG11;Híbrido;10,03;0,1;0,1212;1;501.500.000;1.941.210;3;139,96;8,92;0,0638;0
SNCI11;Títulos e Val. Mob.;95,99;0,1152;0,1139;0,97;403.158.000;486.599;0;0;0;0;0
SNEL11;Híbrido;9,25;0,184;0,0747;0,08;11.653.900;562.246;0;0;0;0;0
SNFF11;Títulos e Val. Mob.;87,6;0,0804;0,1035;0,96;247.908.000;518.654;0;0;0;0;0
SNLG11;Híbrido;31,1;0,0401;0,0203;0,6;78.681.900;136.117;1;2.846,61;59,37;0,0209;0
SNME11;Híbrido;9,11;0,054;0,0709;0,94;67.580.200;80.415;0;0;0;0;0
SPTW11;Lajes Corporativas;41,25;0,1709;0,1242;0,72;74.167.500;74.028;1;5.199,10;1.050,67;0,2021;0
SPXS11;Híbrido;9,46;0,0848;0,1211;0,98;190.988.000;1.489.990;0;0;0;0;0
TEPP11;Lajes Corporativas;91,93;0,0156;0,0989;0,94;388.125.000;1.199.700;4;16.297,00;1.407,34;0,0864;0
TGAR11;Híbrido;119,74;0,1068;0,1274;1,03;2.294.290.000;7.940.300;5;75,4;1,36;0,018;0
TJKB11;Lajes Corporativas;283;0,1049;0,1103;1,05;214.224.000;5.022;7;8.430,68;925,13;0,1097;0
TMPS11;Títulos e Val. Mob.;94,6;0,0779;0,1119;0,92;92.610.400;118.571;0;0;0;0;0
TORD11;Híbrido;1,43;-0,0041;0;0,11;50.123.400;100.612;1;337,83;0;0;0
TRBL11;Logística;97,65;0,0724;0,092;0,97;755.722.000;926.390;6;1.509,82;244,61;0,162;0,0062
TRNT11;Lajes Corporativas;109,99;0,0538;0,0307;0,55;432.872.000;13.335;1;6.838,89;604,02;0,0883;0,3857
TRXB11;Híbrido;146,52;0,0686;0,0874;1,3;469.711.000;1.146.750;15;1.771,83;187,81;0,106;0
TRXF11;Híbrido;105,9;-0,0301;0,1045;1;2.121.770.000;8.845.030;29;3.181,33;364,64;0,1146;0
TSER11;Lajes Corporativas;100;0,114;0,1071;1;128.488.000;20;1;2.732,76;240,41;0,088;0
TVRI11;Lajes Corporativas;102,02;0,1031;0,08;1,02;1.624.130.000;1.174.900;62;4.091,76;498,9;0,1219;0,0314
URPR11;Outros;80,37;0,1534;0,1397;0,78;943.053.000;1.685.150;0;0;0;0;0
VCJR11;Títulos e Val. Mob.;90,51;0,1375;0,1077;0,95;1.332.670.000;2.457.810;0;0;0;0;0
VCRA11;Títulos e Val. Mob.;69,2;0,2057;0,1744;0,66;317.899.000;959.574;0;0;0;0;0
VCRI11;Títulos e Val. Mob.;8,71;0,1128;0,1168;0,91;154.805.000;253.566;0;0;0;0;0
VCRR11;Logística;63,62;0,1256;0,1232;0,49;127.240.000;305.912;4;2.222,18;105,64;0,0475;0
VERE11;Outros;445,76;0,0695;0,0541;0,91;279.854.000;111;4;1.675,48;186,64;0,1114;0,1652
VGHF11;Híbrido;8,79;0,0434;0,1273;0,96;1.447.900.000;4.122.460;0;0;0;0;0
VGIA11;Títulos e Val. Mob.;7,97;0,1708;0,1547;0,83;689.047.000;2.763.570;0;0;0;0;0
VGIP11;Títulos e Val. Mob.;88,65;0,1127;0,1049;0,97;1.044.940.000;1.957.270;0;0;0;0;0
VGIR11;Títulos e Val. Mob.;10,05;0,1351;0,1269;1,03;1.037.370.000;3.808.820;0;0;0;0;0
VGRI11;;9,59;-0,0005;0,0455;0,99;321.154.000;525.962;5;5.824,84;0;0;0,0651
VIFI11;Títulos e Val. Mob.;7,94;0,1002;0,1035;0,87;64.228.200;102.174;0;0;0;0;0
VILG11;Logística;89,9;0,0823;0,0815;0,79;1.348.270.000;2.467.290;15;2.356,86;234,72;0,0996;0,0892
VINO11;Lajes Corporativas;6,78;0,1077;0,1;0,63;561.562.000;784.047;10;8.138,85;1.189,69;0,1462;0,0408
VISC11;Shoppings;115,13;0,0573;0,0951;0,9;3.319.040.000;8.155.600;25;3.725,57;275,14;0,0739;0,0588
VIUR11;Outros;6,86;0,1192;0,115;0,77;184.851.000;477.030;8;2.838,19;315,82;0,1113;0,0311
VOTS11;Títulos e Val. Mob.;81,43;0,1695;0,1177;0,87;67.417.000;7.066;0;0;0;0;0
VPSI11;Shoppings;11,72;0,188;0,0168;0,37;94.602.600;759;16;768,96;146,98;0,1911;0
VRTA11;Títulos e Val. Mob.;87,5;0,112;0,1024;0,95;1.364.340.000;1.875.450;0;0;0;0;0
VRTM11;Títulos e Val. Mob.;10,89;0,0336;0,057;1,15;129.546.000;1.809;1;10.376,80;0;0;0
VSHO11;Shoppings;70;0,1114;0,1098;0,69;146.916.000;65.860;3;1.945,52;420,48;0,2161;0,0784
VSLH11;Outros;3,27;0,1216;0,1262;0,31;97.655.600;208.779;0;0;0;0;0
VTLT11;Logística;92,73;0,1186;0,1103;0,82;196.124.000;96.293;1;762,01;102,41;0,1344;0
VTPL11;Híbrido;72,1;-0,0063;0;1;99.948.000;184;2;1.174,16;0;0;0
VVCR11;Títulos e Val. Mob.;9,96;0,0477;0,1172;0,91;74.783.000;268.310;0;0;0;0;0
VVMR11;Híbrido;89,83;0,0702;0,0632;0,77;249.027.000;493.869;5;7.939,55;702,85;0,0885;0,0283
VVRI11;Híbrido;109,93;0,0706;0,1236;1,09;88.238.900;3.131;2;5.621,30;462,57;0,0823;0
VXXV11;Outros;673;-0,011;0,355;0,84;180.866.000;1.304.410;0;0;0;0;0
WHGR11;Híbrido;9,66;0,108;0,1172;0,99;258.045.000;539.616;0;0;0;0;0
WPLZ11;Shoppings;59,33;0,0861;0,0797;0,67;63.159.700;2.692;1;1.684,79;158,61;0,0941;0,1585
WSEC11;Títulos e Val. Mob.;88,47;0,1345;0,1247;0,87;21.732.700;14.256;0;0;0;0;0
WTSP11;Híbrido;42;0,0887;0,0928;0,52;41.687.700;1.201;1;3.399,92;293,35;0,0863;0,0435
XPCA11;Títulos e Val. Mob.;7,89;0,1584;0,1534;0,83;359.177.000;1.421.180;0;0;0;0;0
XPCI11;Títulos e Val. Mob.;86,5;0,1194;0,1271;0,96;752.684.000;2.152.560;0;0;0;0;0
XPCM11;Lajes Corporativas;8,41;-0,0353;0,0431;0,29;20.306.500;26.144;1;992,67;9,62;0,0097;0,81
XPIN11;Outros;76;0,0937;0,0945;0,74;543.432.000;425.630;97;1.977,69;202,14;0,1022;0,1221
XPLG11;Logística;101,5;0,0862;0,0808;0,91;3.005.740.000;5.509.150;19;2.298,66;219,61;0,0955;0,0411
XPML11;Shoppings;113,98;0,05;0,0882;1,03;6.305.400.000;16.649.700;15;6.218,47;448,85;0,0722;0,0023
XPPR11;Outros;17,4;0,049;0,057;0,27;127.301.000;215.756;5;1.720,42;356,09;0,207;0,4371
XPSF11;Títulos e Val. Mob.;7,63;0,1098;0,1106;0,9;330.395.000;574.651;0;0;0;0;0
YUFI11;Residencial;89,84;0,0384;0,0359;0,85;44.259.700;4;40;2.194,43;240,6;0,1096;0
ZAGH11;Híbrido;12;0,4106;0,0124;0,12;5.575.150;429;0;0;0;0;0
ZAVC11;Títulos e Val. Mob.;9,89;0,0016;0,0367;0,99;30.632.800;113.731;0;0;0;0;0
ZAVI11;Híbrido;107,97;0,1251;0,1345;0,81;126.684.000;397.600;11;1.604,34;185,28;0,1155;0,0063
ZIFI11;Híbrido;714,96;-0,0175;0;0,36;33.949.900;2.579;0;0;0;0;0